{"t": 1529651384.9850502, "category": 12, "true": "", "true_cat": 7, "id": "561507140593570_712142265530056"}
{"t": 1529651405.742856, "category": 13, "true": "", "true_cat": 13, "id": "561507140593570_817890808288534"}
{"t": 1529651426.512249, "category": 7, "true": "y", "true_cat": 7, "id": "335987446552987_568416216643441"}
{"t": 1529651441.345545, "category": 12, "true": "", "true_cat": 11, "id": "223155564511824_481816371979074"}
{"t": 1529651458.867476, "category": 9, "true": "", "true_cat": 9, "id": "411433282329295_670352776437343"}
{"t": 1529651488.890016, "category": 0, "true": "", "true_cat": 2, "id": "952334508116178_1431056290243995"}
{"t": 1529651505.9347782, "category": 13, "true": "", "true_cat": 9, "id": "547569822031033_801801699941176"}
{"t": 1529651527.018168, "category": 5, "true": "y", "true_cat": 13, "id": "143586919135944_211105255717443"}
{"t": 1529651543.2230232, "category": 13, "true": "", "true_cat": 8, "id": "384119014960360_807201919318732"}
{"t": 1529651554.155485, "category": 2, "true": "", "true_cat": 0, "id": "252520351444054_1150260818336665"}
{"t": 1529651572.7095199, "category": 6, "true": "", "true_cat": 4, "id": "382423298493731_599284426807616"}
{"t": 1529651595.261729, "category": 9, "true": "y", "true_cat": 1, "id": "684213871706672_684381588356567"}
{"t": 1529651605.241297, "category": 5, "true": "", "true_cat": 7, "id": "1443332985924729_1476542442603783"}
{"t": 1529651617.5058718, "category": 6, "true": "y", "true_cat": 6, "id": "69985338410_10153551349693411"}
{"t": 1529651644.0852659, "category": 14, "true": "y", "true_cat": 14, "id": "120358338059856_1128700873892259"}
{"t": 1529651662.604616, "category": 9, "true": "y", "true_cat": 11, "id": "150605885088629_500697123412835"}
{"t": 1529651670.3171682, "category": 2, "true": "", "true_cat": 3, "id": "139443622778678_336770109712694"}
{"t": 1529651683.7107918, "category": 2, "true": "y", "true_cat": 2, "id": "1632661713611931_1809348495943251"}
{"t": 1529651698.308785, "category": 14, "true": "", "true_cat": 12, "id": "442403485851495_616573908434451"}
{"t": 1529652942.574806, "category": 0, "true": "", "true_cat": 6, "id": "676061179094769_1392037914402812"}
{"t": 1529652955.1230562, "category": 5, "true": "y", "true_cat": 5, "id": "1384921248388622_1886453858235356"}
{"t": 1529652970.287978, "category": 2, "true": "y", "true_cat": 2, "id": "127344360615074_1731903476825813"}
{"t": 1529652979.75591, "category": 8, "true": "y", "true_cat": 8, "id": "144447802432216_214850062058656"}
{"t": 1529652993.445756, "category": 8, "true": "", "true_cat": 0, "id": "309867232515766_635029536666199"}
{"t": 1529653014.280958, "category": 5, "true": "", "true_cat": 5, "id": "965507816809254_1732532223440139"}
{"t": 1529653027.335705, "category": 1, "true": "", "true_cat": 7, "id": "118948271632865_420403648153991"}
{"t": 1529653031.8550909, "category": 8, "true": "y", "true_cat": 8, "id": "120358338059856_199931183435904"}
{"t": 1529653039.7247412, "category": 7, "true": "y", "true_cat": 7, "id": "120358338059856_911978328897849"}
{"t": 1529653057.8335202, "category": 9, "true": "", "true_cat": 9, "id": "39576149556_10151845911514557"}
{"t": 1529653065.402122, "category": 5, "true": "y", "true_cat": 5, "id": "181106225260438_1127623937275324"}
{"t": 1529653072.482351, "category": 1, "true": "", "true_cat": 7, "id": "561507140593570_741692289241720"}
{"t": 1529653082.572222, "category": 3, "true": "", "true_cat": 12, "id": "143586919135944_300131743481460"}
{"t": 1529653090.5522828, "category": 6, "true": "y", "true_cat": 6, "id": "147898505398168_390225814498768"}
{"t": 1529653097.9866428, "category": 4, "true": "", "true_cat": 14, "id": "441397215875393_763779343637177"}
{"t": 1529653110.006644, "category": 11, "true": "y", "true_cat": 11, "id": "113836012012239_1353932408002587"}
{"t": 1529653213.5822809, "category": 3, "true": "y", "true_cat": 10, "id": "127344360615074_1322513201098178"}
{"t": 1529653359.0716102, "category": 3, "true": "", "true_cat": 3, "id": "47520761764_10154203371056765"}
{"t": 1529653367.375492, "category": 14, "true": "y", "true_cat": 14, "id": "547840621916967_1389738841060470"}
{"t": 1529653375.870062, "category": 2, "true": "", "true_cat": 3, "id": "58140803787_171053382945100"}
{"t": 1529653384.513597, "category": 1, "true": "y", "true_cat": 1, "id": "676061179094769_949129288454622"}
{"t": 1529653395.786844, "category": 11, "true": "", "true_cat": 10, "id": "12458150929_10153063219480930"}
{"t": 1529653400.610545, "category": 8, "true": "y", "true_cat": 8, "id": "69985338410_10155019395023411"}
{"t": 1529653415.022039, "category": 5, "true": "", "true_cat": 14, "id": "268501683351692_370076036527589"}
{"t": 1529653449.143957, "category": 13, "true": "", "true_cat": 7, "id": "676061179094769_978289298871954"}
{"t": 1529653458.72481, "category": 10, "true": "y", "true_cat": 10, "id": "120358338059856_735596423202708"}
{"t": 1529653466.918072, "category": 3, "true": "", "true_cat": 7, "id": "47908701568_310663809208"}
{"t": 1529653475.737739, "category": 8, "true": "", "true_cat": 7, "id": "760284577390868_812410125511646"}
{"t": 1529653483.9898062, "category": 9, "true": "y", "true_cat": 9, "id": "724609677621578_1020765751339301"}
{"t": 1529653491.128403, "category": 11, "true": "", "true_cat": 2, "id": "276817062372351_906602476060470"}
{"t": 1529653503.800101, "category": 10, "true": "y", "true_cat": 10, "id": "596055947147527_1047333585353092"}
{"t": 1529653512.2872262, "category": 4, "true": "y", "true_cat": 4, "id": "745969952097681_1129570317070974"}
{"t": 1529653520.905718, "category": 2, "true": "", "true_cat": 0, "id": "821345264625901_822587777834983"}
{"t": 1529653527.496036, "category": 9, "true": "", "true_cat": 13, "id": "240637459319900_588553014528341"}
{"t": 1529653538.535837, "category": 9, "true": "", "true_cat": 7, "id": "350858991459_10151893036216460"}
{"t": 1529653544.424161, "category": 11, "true": "", "true_cat": 1, "id": "36730930417_10153938720085418"}
{"t": 1529653559.789624, "category": 1, "true": "y", "true_cat": 1, "id": "235501083187697_1506485436089249"}
{"t": 1529653569.362746, "category": 14, "true": "", "true_cat": 11, "id": "283546401758265_455045751274995"}
{"t": 1529653575.0667038, "category": 0, "true": "", "true_cat": 11, "id": "123900591027437_290330307672052"}
{"t": 1529653585.953523, "category": 9, "true": "", "true_cat": 9, "id": "747894125224212_1079135078766780"}
{"t": 1529653592.90362, "category": 8, "true": "y", "true_cat": 8, "id": "1559060601030590_1665970090339640"}
{"t": 1529653605.4474251, "category": 0, "true": "y", "true_cat": 0, "id": "309867232515766_830499397119211"}
{"t": 1529653620.6723819, "category": 14, "true": "", "true_cat": 14, "id": "1396459723941912_1693827490871799"}
{"t": 1529670750.864963, "category": 1, "true": "", "true_cat": 12, "id": "69985338410_409846702439352"}
{"t": 1529670759.464493, "category": 10, "true": "y", "true_cat": 10, "id": "127344360615074_1119018001447700"}
{"t": 1529670779.172097, "category": 14, "true": "", "true_cat": 1, "id": "196270790402710_947673645262417"}
{"t": 1529670787.234099, "category": 11, "true": "", "true_cat": 10, "id": "66224663563_582785435083849"}
{"t": 1529670802.4729788, "category": 0, "true": "y", "true_cat": 1, "id": "1408142216156387_1518709615099646"}
{"t": 1529670811.778361, "category": 5, "true": "", "true_cat": 5, "id": "596055947147527_1200194280067021"}
{"t": 1529670821.231168, "category": 6, "true": "y", "true_cat": 6, "id": "1702345189990994_1946253002266877"}
{"t": 1529670833.4522, "category": 8, "true": "y", "true_cat": 8, "id": "196270790402710_1055902477772866"}
{"t": 1529670842.150966, "category": 5, "true": "y", "true_cat": 5, "id": "88419746037_10156327205386038"}
{"t": 1529670852.853334, "category": 1, "true": "y", "true_cat": 1, "id": "1559060601030590_1633222896947693"}
{"t": 1529670866.337196, "category": 6, "true": "", "true_cat": 10, "id": "952334508116178_1136575263025434"}
{"t": 1529670875.219687, "category": 0, "true": "", "true_cat": 11, "id": "444503442302253_525265137559416"}
{"t": 1529670879.1723819, "category": 6, "true": "y", "true_cat": 6, "id": "370360873057400_1130076313752515"}
{"t": 1529670885.1160908, "category": 8, "true": "y", "true_cat": 8, "id": "965507816809254_1212922252067808"}
{"t": 1529670907.7073972, "category": 12, "true": "", "true_cat": 5, "id": "240637459319900_298308450191861"}
{"t": 1529670918.561346, "category": 10, "true": "", "true_cat": 8, "id": "1443332985924729_1488633941394633"}
{"t": 1529670943.166768, "category": 12, "true": "", "true_cat": 12, "id": "270431402967189_787166344627023"}
{"t": 1529670956.843075, "category": 10, "true": "y", "true_cat": 10, "id": "49348971479_10153011450146480"}
{"t": 1529670972.869514, "category": 10, "true": "", "true_cat": 9, "id": "252520351444054_1073191976043550"}
{"t": 1529670985.8839529, "category": 4, "true": "y", "true_cat": 4, "id": "596055947147527_666527890100332"}
{"t": 1529670998.5245912, "category": 9, "true": "", "true_cat": 8, "id": "21465928829_10155186464188830"}
{"t": 1529671017.865317, "category": 0, "true": "y", "true_cat": 0, "id": "235501083187697_356392944431843"}
{"t": 1529671027.6946392, "category": 1, "true": "", "true_cat": 12, "id": "335987446552987_348081672010231"}
{"t": 1529671039.1174881, "category": 6, "true": "y", "true_cat": 6, "id": "267297590272820_305788703090375"}
{"t": 1529671058.0537531, "category": 6, "true": "", "true_cat": 11, "id": "302147629893895_387303521355987"}
{"t": 1529671089.152409, "category": 2, "true": "", "true_cat": 6, "id": "287814831337164_759091340876175"}
{"t": 1529671097.080723, "category": 5, "true": "", "true_cat": 0, "id": "343938391806_10153503856886807"}
{"t": 1529671106.506902, "category": 0, "true": "y", "true_cat": 0, "id": "8611462388_166740013362306"}
{"t": 1529671121.8797581, "category": 10, "true": "y", "true_cat": 10, "id": "691707047549076_992329064153538"}
{"t": 1529671145.032659, "category": 9, "true": "y", "true_cat": 9, "id": "118948271632865_300880020106355"}
{"t": 1529671152.2753391, "category": 9, "true": "", "true_cat": 5, "id": "240637459319900_589728161077493"}
{"t": 1529671178.319081, "category": 1, "true": "y", "true_cat": 1, "id": "673183069445618_777297192367538"}
{"t": 1529671196.480143, "category": 13, "true": "", "true_cat": 4, "id": "490036061149758_802672543219440"}
{"t": 1529671217.602807, "category": 3, "true": "", "true_cat": 10, "id": "47520761764_10154356384121765"}
{"t": 1529671226.198807, "category": 4, "true": "", "true_cat": 11, "id": "1428110734099074_1522273528016127"}
{"t": 1529671250.9793978, "category": 0, "true": "", "true_cat": 7, "id": "461364607347621_752010971616315"}
{"t": 1529671271.824645, "category": 11, "true": "", "true_cat": 4, "id": "47908701568_393668037322264"}
{"t": 1529671277.944746, "category": 6, "true": "y", "true_cat": 6, "id": "123900591027437_542599719157520"}
{"t": 1529671288.160497, "category": 1, "true": "", "true_cat": 3, "id": "148900938515423_952872224784953"}
{"t": 1529671305.342628, "category": 13, "true": "", "true_cat": 10, "id": "120358338059856_641229812639370"}
{"t": 1529671320.416291, "category": 9, "true": "", "true_cat": 11, "id": "223155564511824_432999556860756"}
{"t": 1529671324.904095, "category": 6, "true": "y", "true_cat": 6, "id": "137714939618757_977479162308993"}
{"t": 1529671339.599025, "category": 5, "true": "y", "true_cat": 5, "id": "673183069445618_919433871487202"}
{"t": 1529671349.398863, "category": 10, "true": "y", "true_cat": 10, "id": "1413222358940007_1681260408802866"}
{"t": 1529671358.637259, "category": 3, "true": "", "true_cat": 11, "id": "88419746037_10153903169486038"}
{"t": 1529671363.3970351, "category": 4, "true": "y", "true_cat": 4, "id": "143232155749217_1440993359306417"}
{"t": 1529671373.990806, "category": 13, "true": "y", "true_cat": 13, "id": "350858991459_10154443154396460"}
{"t": 1529671403.1475918, "category": 13, "true": "y", "true_cat": 13, "id": "287814831337164_744792728972703"}
{"t": 1529671408.37141, "category": 1, "true": "", "true_cat": 0, "id": "335987446552987_505123282972735"}
{"t": 1529671416.916948, "category": 0, "true": "y", "true_cat": 0, "id": "460055244123143_1087145004747494"}
{"t": 1529671420.804926, "category": 1, "true": "y", "true_cat": 1, "id": "49348971479_10153634221111480"}
{"t": 1529671430.118421, "category": 7, "true": "y", "true_cat": 7, "id": "66224663563_10151095391453564"}
{"t": 1529671454.731053, "category": 9, "true": "", "true_cat": 4, "id": "519651124760611_870419716350415"}
{"t": 1529671462.758253, "category": 6, "true": "y", "true_cat": 6, "id": "261448183993841_595688927236430"}
{"t": 1529671473.180012, "category": 12, "true": "", "true_cat": 0, "id": "256203941229187_404944326355147"}
{"t": 1529671499.5881238, "category": 5, "true": "", "true_cat": 12, "id": "1632661713611931_1800491020162332"}
{"t": 1529671510.622277, "category": 2, "true": "y", "true_cat": 2, "id": "615007655212774_962297323817137"}
{"t": 1529671521.407289, "category": 7, "true": "y", "true_cat": 7, "id": "130168790517043_424597344407518"}
{"t": 1529671542.1674979, "category": 6, "true": "y", "true_cat": 6, "id": "358102574347013_755477901276143"}
{"t": 1529671551.03882, "category": 8, "true": "y", "true_cat": 8, "id": "74796954245_10153227024529246"}
{"t": 1529671576.490647, "category": 4, "true": "y", "true_cat": 4, "id": "1493650460890885_1811637152425546"}
{"t": 1529671583.79967, "category": 3, "true": "", "true_cat": 2, "id": "172553919586800_243115479197310"}
{"t": 1529671587.575994, "category": 5, "true": "y", "true_cat": 5, "id": "174964059251630_737750742972956"}
{"t": 1529671594.780759, "category": 10, "true": "y", "true_cat": 10, "id": "526620377500921_534956993333926"}
{"t": 1529671614.2396421, "category": 3, "true": "", "true_cat": 7, "id": "120358338059856_1116033851825628"}
{"t": 1529671621.9635751, "category": 4, "true": "", "true_cat": 8, "id": "270431402967189_849754388368218"}
{"t": 1529671628.765026, "category": 1, "true": "y", "true_cat": 1, "id": "8105654079_193756137791"}
{"t": 1529671641.085142, "category": 2, "true": "y", "true_cat": 2, "id": "308656075921772_1153205871466784"}
{"t": 1529672183.957997, "category": 2, "true": "y", "true_cat": 2, "id": "153873730679_10152000750710680"}
{"t": 1529672212.541159, "category": 6, "true": "y", "true_cat": 6, "id": "142316415896803_784035135058258"}
{"t": 1529672232.053771, "category": 8, "true": "", "true_cat": 3, "id": "162843287205735_590938037729589"}
{"t": 1529672239.141474, "category": 4, "true": "", "true_cat": 1, "id": "410324812468492_647625798738391"}
{"t": 1529672245.900312, "category": 4, "true": "", "true_cat": 14, "id": "106609252839021_215099888656623"}
{"t": 1529672251.997304, "category": 9, "true": "y", "true_cat": 9, "id": "69985338410_10154405242573411"}
{"t": 1529672266.829386, "category": 5, "true": "y", "true_cat": 5, "id": "616747491791844_851917411608183"}
{"t": 1529672271.165355, "category": 6, "true": "y", "true_cat": 6, "id": "358229934265645_867668853321748"}
{"t": 1529672278.757236, "category": 9, "true": "", "true_cat": 9, "id": "235501083187697_369812339764980"}
{"t": 1529672288.757332, "category": 4, "true": "", "true_cat": 7, "id": "143586919135944_221292381365397"}
{"t": 1529672297.1014552, "category": 0, "true": "", "true_cat": 10, "id": "148900938515423_1039868706085304"}
{"t": 1529672302.461534, "category": 9, "true": "y", "true_cat": 9, "id": "69985338410_10153195770483411"}
{"t": 1529672310.749511, "category": 13, "true": "y", "true_cat": 13, "id": "131559313586863_144398165699955"}
{"t": 1529672321.245624, "category": 1, "true": "", "true_cat": 1, "id": "806787069416954_1260061097422880"}
{"t": 1529672347.646404, "category": 7, "true": "", "true_cat": 6, "id": "759667427415169_933954919986418"}
{"t": 1529672358.924715, "category": 11, "true": "", "true_cat": 5, "id": "676680495744670_861097117303006"}
{"t": 1529672368.319289, "category": 13, "true": "y", "true_cat": 13, "id": "676061179094769_837555726278646"}
{"t": 1529672375.797483, "category": 8, "true": "", "true_cat": 6, "id": "1632661713611931_1724734767737958"}
{"t": 1529672383.934098, "category": 11, "true": "", "true_cat": 11, "id": "684016791662654_773765026021163"}
{"t": 1529672389.277643, "category": 8, "true": "", "true_cat": 7, "id": "74796954245_10152463612514246"}
{"t": 1529672393.4934778, "category": 5, "true": "", "true_cat": 2, "id": "350858991459_10151345022696460"}
{"t": 1529672433.372155, "category": 14, "true": "y", "true_cat": 14, "t2": 1529672447.84362, "classes": ["14"], "id": "223155564511824_325462510947795"}
{"t": 1529672469.650696, "category": 10, "true": "", "true_cat": 11, "t2": 1529672476.893703, "classes": ["11"], "id": "178668495520367_846856358701574"}
{"t": 1529853853.841426, "category": 10, "true": "y", "true_cat": 10, "t2": 1529853855.289073, "classes": ["10"], "id": "127344360615074_1257416414274524"}
{"t": 1529853883.1334772, "category": 7, "true": "y", "true_cat": 7, "t2": 1529853914.5670311, "classes": ["5", "7", "14"], "id": "247368612092837_481226575373705"}
{"t": 1529853931.1932302, "category": 10, "true": "y", "true_cat": 12, "t2": 1529853943.75941, "classes": ["10", "12"], "id": "335987446552987_870876943064032"}
{"t": 1529853955.6109738, "category": 4, "true": "", "true_cat": 4, "t2": 1529853967.445805, "classes": ["3"], "id": "176580099127279_252249301539301"}
{"t": 1529854046.197868, "category": 2, "true": "", "true_cat": 2, "t2": 1529854052.316624, "classes": ["6"], "id": "642116389141607_1078889958797579"}
{"t": 1529854068.0895529, "category": 5, "true": "", "true_cat": 1, "t2": 1529854072.705048, "classes": ["1"], "id": "120358338059856_253365378092484"}
{"t": 1529854352.662102, "category": 0, "true": "", "true_cat": 11, "t2": 1529854360.619252, "classes": ["11"], "id": "223155564511824_223430817817632"}
{"t": 1529854370.117664, "category": 4, "true": "", "true_cat": 1, "t2": 1529854373.694081, "classes": ["1"], "id": "323452711195305_417838208423421"}
{"t": 1529854390.051001, "category": 11, "true": "", "true_cat": 11, "t2": 1529854422.301238, "classes": [""], "id": "676061179094769_682175751816645"}
{"t": 1529854529.158945, "category": 5, "true": "", "true_cat": 8, "t2": 1529854543.248412, "classes": ["8", "10", "11"], "id": "309867232515766_356826434486512"}
{"t": 1529854572.012647, "category": 12, "true": "", "true_cat": 12, "t2": 1529854575.648764, "classes": [""], "id": "642116389141607_1352009268152312"}
{"t": 1529854616.348928, "category": 12, "true": "", "true_cat": 12, "t2": 1529854623.196534, "classes": ["12"], "id": "533647596693545_1006421849416115"}
{"t": 1529854628.857507, "category": 12, "true": "", "true_cat": 12, "t2": 1529854629.689696, "classes": ["12"], "id": "12458150929_10153350035545930"}
{"t": 1529854647.889602, "category": 0, "true": "", "true_cat": 0, "t2": 1529854688.787009, "classes": ["0", "10"], "id": "235501083187697_351864444827150"}
{"t": 1529858178.472037, "category": 0, "true": "", "true_cat": 4, "t2": 1529858181.32916, "classes": ["4"], "id": "106952222676974_700319776673546"}
{"t": 1529858193.050205, "category": 1, "true": "", "true_cat": 1, "t2": 1529858198.45776, "classes": ["1", "9"], "id": "323452711195305_370930673114175"}
{"t": 1529858218.793748, "category": 13, "true": "y", "true_cat": 13, "t2": 1529858232.235434, "classes": ["13"], "id": "531761723507375_1156195561063985"}
{"t": 1529858241.610004, "category": 9, "true": "", "true_cat": 11, "t2": 1529858244.1604722, "classes": ["11"], "id": "123900591027437_762438357173654"}
{"t": 1529858255.235533, "category": 3, "true": "", "true_cat": 11, "t2": 1529858263.062498, "classes": ["1", "11"], "id": "135980726440944_176339952418159"}
{"t": 1529858289.275954, "category": 12, "true": "", "true_cat": 12, "t2": 1529858310.531754, "classes": ["6", "10"], "id": "39576149556_358544204446"}
{"t": 1529858323.509008, "category": 4, "true": "y", "true_cat": 4, "t2": 1529858325.388988, "classes": ["4"], "id": "684016791662654_927093937354937"}
{"t": 1529858351.751803, "category": 1, "true": "", "true_cat": 3, "t2": 1529858363.509587, "classes": ["6", "10"], "id": "1396459723941912_1669494589971756"}
{"t": 1529858375.5427651, "category": 1, "true": "", "true_cat": 2, "t2": 1529858383.230433, "classes": ["2"], "id": "798227683607349_814373338659450"}
{"t": 1529858390.790171, "category": 4, "true": "y", "true_cat": 4, "t2": 1529858394.526056, "classes": ["4"], "id": "58140803787_10153334687348788"}
{"t": 1529858423.225055, "category": 1, "true": "y", "true_cat": 1, "t2": 1529858436.525824, "classes": ["1", "8"], "id": "133373330053923_171851836206072"}
{"t": 1529858449.960138, "category": 5, "true": "", "true_cat": 2, "t2": 1529858453.680059, "classes": ["2"], "id": "69985338410_10153787176243411"}
{"t": 1529858477.282422, "category": 9, "true": "", "true_cat": 0, "t2": 1529858477.976728, "classes": [""], "id": "261240774042881_695856437247977"}
{"t": 1529858486.296514, "category": 6, "true": "", "true_cat": 1, "t2": 1529858488.8968692, "classes": ["1"], "id": "39233495912_10154290008125913"}
{"t": 1529858502.427391, "category": 8, "true": "", "true_cat": 13, "t2": 1529858503.338866, "classes": [""], "id": "44833802365_10150614532412366"}
{"t": 1529858511.975611, "category": 2, "true": "y", "true_cat": 2, "t2": 1529858514.4793952, "classes": ["2"], "id": "287814831337164_836767569775218"}
{"t": 1529858555.336566, "category": 8, "true": "y", "true_cat": 8, "t2": 1529858562.7286348, "classes": ["8", "10"], "id": "965507816809254_1237573586269341"}
{"t": 1529858571.793107, "category": 0, "true": "", "true_cat": 12, "t2": 1529858576.448629, "classes": ["12"], "id": "397094903687472_911095955620695"}
{"t": 1529858616.5363479, "category": 4, "true": "y", "true_cat": 4, "t2": 1529858618.663716, "classes": ["4"], "id": "328966680624614_601612263360053"}
{"t": 1529858626.393427, "category": 5, "true": "", "true_cat": 12, "t2": 1529858629.649127, "classes": ["3"], "id": "531761723507375_1269408086409398"}
{"t": 1529858663.323616, "category": 6, "true": "y", "true_cat": 6, "t2": 1529858666.667302, "classes": ["6"], "id": "1396459723941912_1676154125972469"}
{"t": 1529858690.552157, "category": 1, "true": "", "true_cat": 13, "t2": 1529858699.247962, "classes": ["11"], "id": "1632661713611931_1770292656515502"}
{"t": 1529858740.905817, "category": 12, "true": "y", "true_cat": 12, "t2": 1529858744.209586, "classes": ["10"], "id": "132432790168413_1168308543247494"}
{"t": 1529858761.0661912, "category": 6, "true": "", "true_cat": 4, "t2": 1529858768.113836, "classes": ["1", "4"], "id": "490036061149758_742199085933453"}
{"t": 1529858804.6224, "category": 1, "true": "y", "true_cat": 1, "t2": 1529858807.207468, "classes": ["1"], "id": "41459763029_10152958870923030"}
{"t": 1529858844.901856, "category": 8, "true": "", "true_cat": 6, "t2": 1529858862.218797, "classes": [""], "id": "596055947147527_979222492164202"}
{"t": 1529858875.838839, "category": 5, "true": "", "true_cat": 11, "t2": 1529858880.2027671, "classes": ["10"], "id": "142316415896803_1134029310058837"}
{"t": 1529858908.27925, "category": 4, "true": "", "true_cat": 11, "t2": 1529858916.957242, "classes": ["11"], "id": "642116389141607_1018484838171425"}
{"t": 1529858946.041759, "category": 11, "true": "y", "true_cat": 11, "t2": 1529858949.0168362, "classes": ["11"], "id": "243023159062079_925932464104475"}
{"t": 1529858978.951124, "category": 5, "true": "", "true_cat": 10, "t2": 1529858982.487387, "classes": ["10"], "id": "142316415896803_1007625242699245"}
{"t": 1529859000.7518232, "category": 10, "true": "y", "true_cat": 10, "t2": 1529859004.7689679, "classes": ["10"], "id": "441397215875393_675866155761830"}
{"t": 1529859017.182192, "category": 3, "true": "", "true_cat": 8, "t2": 1529859019.190023, "classes": ["8"], "id": "1489836057958537_1770647989877341"}
{"t": 1529859029.569958, "category": 2, "true": "", "true_cat": 8, "t2": 1529859032.090633, "classes": ["8"], "id": "1634197106810421_1979999088896886"}
{"t": 1529859061.020403, "category": 7, "true": "", "true_cat": 12, "t2": 1529859077.2148302, "classes": ["12", "8"], "id": "39233495912_10152865825250913"}
{"t": 1529859146.61154, "category": 2, "true": "", "true_cat": 9, "t2": 1529859150.6665971, "classes": ["1"], "id": "331049873725952_555406424623628"}
{"t": 1529859172.5575428, "category": 10, "true": "y", "true_cat": 10, "t2": 1529859182.1748412, "classes": ["10"], "id": "287814831337164_394276370691009"}
{"t": 1529859208.434774, "category": 2, "true": "", "true_cat": 13, "t2": 1529859220.220839, "classes": ["13"], "id": "223155564511824_513742698786441"}
{"t": 1529859237.971642, "category": 10, "true": "y", "true_cat": 10, "t2": 1529859241.620065, "classes": ["10"], "id": "897614803623718_1020823801302817"}
{"t": 1529859405.619947, "category": 14, "true": "y", "true_cat": 11, "t2": 1529859426.526277, "classes": ["14"], "id": "66224663563_10153897207898564"}
{"t": 1529859474.016937, "category": 0, "true": "", "true_cat": 3, "t2": 1529859474.496692, "classes": [""], "id": "1608885519353898_1921247364784377"}
{"t": 1529859485.937233, "category": 6, "true": "y", "true_cat": 6, "t2": 1529859488.42503, "classes": ["6"], "id": "1493650460890885_1651298675126062"}
{"t": 1529859495.90559, "category": 12, "true": "y", "true_cat": 12, "t2": 1529859498.4414542, "classes": ["12"], "id": "1418511451758028_1576110719331433"}
{"t": 1529859544.298819, "category": 3, "true": "", "true_cat": 8, "t2": 1529859546.4098592, "classes": ["8"], "id": "185007844849973_1768932803124128"}
{"t": 1529859552.810526, "category": 1, "true": "y", "true_cat": 3, "t2": 1529859556.274174, "classes": ["1"], "id": "74796954245_10152048437128471"}
{"t": 1529859575.780599, "category": 11, "true": "", "true_cat": 6, "t2": 1529859583.268127, "classes": ["6", "10"], "id": "519651124760611_1412386458820402"}
{"t": 1529859595.062927, "category": 0, "true": "", "true_cat": 8, "t2": 1529859598.158394, "classes": ["11"], "id": "74796954245_10154226938069246"}
{"t": 1529859639.492744, "category": 1, "true": "", "true_cat": 3, "t2": 1529859640.1723971, "classes": [""], "id": "1443332985924729_1574960776095282"}
{"t": 1529859679.939293, "category": 10, "true": "y", "true_cat": 10, "t2": 1529859682.211054, "classes": ["10"], "id": "78130643639_10153506812503640"}
{"t": 1529913227.918758, "category": 8, "true": "", "true_cat": 14, "t2": 1529913234.686048, "classes": ["14"], "id": "78130643639_10153061259828640"}
{"t": 1529913298.083782, "category": 13, "true": "", "true_cat": 10, "t2": 1529913301.45168, "classes": ["10"], "id": "504310436316194_1406646806082548"}
{"t": 1529913509.687177, "category": 2, "true": "y", "true_cat": 2, "t2": 1529913516.666074, "classes": ["2"], "id": "354144841359670_1160765507364262"}
{"t": 1529913528.545494, "category": 4, "true": "", "true_cat": 3, "t2": 1529913530.040985, "classes": ["1"], "id": "490036061149758_672309236255772"}
{"t": 1529913544.867109, "category": 8, "true": "", "true_cat": 14, "t2": 1529913546.4985092, "classes": ["14"], "id": "88419746037_10155681469396038"}
{"t": 1529913572.595924, "category": 6, "true": "y", "true_cat": 10, "t2": 1529913577.323075, "classes": ["6", "10"], "id": "118948271632865_340713292789694"}
{"t": 1529918693.267393, "category": 5, "true": "y", "true_cat": 5, "t2": 1529918695.659488, "classes": ["5"], "id": "39233495912_10153215571465913"}
{"t": 1529918713.102319, "category": 7, "true": "", "true_cat": 12, "t2": 1529918715.589792, "classes": ["12"], "id": "504310436316194_1034076230006276"}
{"t": 1529918724.4768362, "category": 14, "true": "y", "true_cat": 14, "t2": 1529918725.596647, "classes": ["14"], "id": "270431402967189_1100359263307728"}
{"t": 1529918774.3079722, "category": 13, "true": "y", "true_cat": 13, "t2": 1529918779.379984, "classes": ["13"], "id": "106952222676974_1208726602499525"}
{"t": 1529918816.006498, "category": 14, "true": "y", "true_cat": 14, "t2": 1529918820.974196, "classes": ["5", "14"], "id": "150605885088629_383765741772641"}
{"t": 1529918845.893615, "category": 8, "true": "", "true_cat": 6, "t2": 1529918849.477794, "classes": ["6"], "id": "148900938515423_830070943731749"}
{"t": 1529918865.830901, "category": 12, "true": "", "true_cat": 13, "t2": 1529918877.558004, "classes": ["13", "7"], "id": "547840621916967_1696085100425841"}
{"t": 1529918884.567254, "category": 9, "true": "y", "true_cat": 9, "t2": 1529918888.0951, "classes": ["9"], "id": "687204124697188_1167644343319828"}
{"t": 1529918908.9924521, "category": 14, "true": "y", "true_cat": 14, "t2": 1529918911.0409799, "classes": ["14"], "id": "130168790517043_467290893471496"}
{"t": 1529918934.6614678, "category": 13, "true": "", "true_cat": 1, "t2": 1529918938.597596, "classes": ["1"], "id": "397094903687472_737126393017653"}
{"t": 1529918959.8846111, "category": 3, "true": "y", "true_cat": 3, "t2": 1529918965.612544, "classes": ["3", "11"], "id": "49348971479_10151485300541480"}
{"t": 1529918973.130273, "category": 0, "true": "y", "true_cat": 0, "t2": 1529918975.897503, "classes": ["0"], "id": "676061179094769_827019663998919"}
{"t": 1529919011.740819, "category": 6, "true": "", "true_cat": 12, "t2": 1529919014.9562922, "classes": ["12", "10"], "id": "118490798169181_1200524093299174"}
{"t": 1529919021.784906, "category": 8, "true": "", "true_cat": 1, "t2": 1529919022.4565601, "classes": ["1"], "id": "148900938515423_1024599090945599"}
{"t": 1529919033.117847, "category": 3, "true": "y", "true_cat": 3, "t2": 1529919035.389652, "classes": ["3"], "id": "67290408185_127991177260907"}
{"t": 1529919224.1946461, "category": 13, "true": "y", "true_cat": 13, "t2": 1529919225.64133, "classes": ["13"], "id": "256203941229187_628132934036284"}
{"t": 1529919452.546973, "category": 2, "true": "y", "true_cat": 2, "t2": 1529919456.208805, "classes": ["2"], "id": "66224663563_10151825781248564"}
{"t": 1529919473.76802, "category": 8, "true": "", "true_cat": 11, "t2": 1529919481.874045, "classes": ["10"], "id": "74796954245_10151889902914246"}
{"t": 1529919506.6282089, "category": 3, "true": "y", "true_cat": 3, "t2": 1529919510.3316338, "classes": ["3"], "id": "382423298493731_824513844284672"}
{"t": 1529919524.533547, "category": 9, "true": "", "true_cat": 5, "t2": 1529919527.0947042, "classes": ["5"], "id": "309867232515766_326810400821449"}
{"t": 1529919536.6239228, "category": 13, "true": "y", "true_cat": 13, "t2": 1529919541.7355032, "classes": ["5", "13"], "id": "270314416422657_1131668196953937"}
{"t": 1529919550.540148, "category": 1, "true": "", "true_cat": 8, "t2": 1529919552.477081, "classes": ["8"], "id": "88419746037_10155975292946038"}
{"t": 1529919573.386292, "category": 3, "true": "", "true_cat": 4, "t2": 1529919576.7214952, "classes": ["4", "5"], "id": "191351967739859_249245998617122"}
{"t": 1529919596.317767, "category": 10, "true": "y", "true_cat": 10, "t2": 1529919613.784631, "classes": ["10", "6"], "id": "653357941414990_839550586129057"}
{"t": 1529919640.987158, "category": 13, "true": "y", "true_cat": 13, "t2": 1529919645.5383072, "classes": ["14"], "id": "1503010273244399_1908641126014643"}
{"t": 1529919673.770515, "category": 14, "true": "y", "true_cat": 14, "t2": 1529919675.1167738, "classes": ["14"], "id": "140206836076563_434848023227539"}
{"t": 1529919692.7089438, "category": 8, "true": "y", "true_cat": 8, "t2": 1529919694.268138, "classes": ["8"], "id": "113836012012239_937081416354357"}
{"t": 1529919707.040538, "category": 6, "true": "", "true_cat": 1, "t2": 1529919708.34433, "classes": ["1"], "id": "547840621916967_1643761502324868"}
{"t": 1529919747.1965199, "category": 0, "true": "y", "true_cat": 0, "t2": 1529919750.2767081, "classes": ["0", "10"], "id": "287814831337164_861107487341226"}
{"t": 1529919777.887383, "category": 2, "true": "y", "true_cat": 2, "t2": 1529919781.167629, "classes": ["2"], "id": "168657049964070_387684608061312"}
{"t": 1529919796.606845, "category": 2, "true": "", "true_cat": 2, "t2": 1529919798.3397582, "classes": ["10"], "id": "243023159062079_1164910536873332"}
{"t": 1529919823.581961, "category": 5, "true": "", "true_cat": 0, "t2": 1529919826.6553118, "classes": ["0"], "id": "235501083187697_390954070975730"}
{"t": 1529919846.4661179, "category": 5, "true": "y", "true_cat": 5, "t2": 1529919849.041101, "classes": ["5"], "id": "270314416422657_1325820240872064"}
{"t": 1529919968.5886989, "category": 0, "true": "", "true_cat": 11, "t2": 1529919969.884324, "classes": ["11"], "id": "222624027898836_353702284791009"}
{"t": 1529919986.9941812, "category": 4, "true": "", "true_cat": 4, "t2": 1529919988.777289, "classes": ["11"], "id": "39233495912_10152882729640913"}
{"t": 1529920002.139524, "category": 4, "true": "", "true_cat": 11, "t2": 1529920003.427778, "classes": ["11"], "id": "141764302699955_261140117429039"}
{"t": 1529920013.2205849, "category": 0, "true": "y", "true_cat": 0, "t2": 1529920014.755456, "classes": ["0"], "id": "44833802365_248846505194293"}
{"t": 1529920111.630562, "category": 2, "true": "", "true_cat": 2, "t2": 1529920113.0794911, "classes": [""], "id": "235501083187697_147334535405213"}
{"t": 1529920147.297408, "category": 4, "true": "", "true_cat": 13, "t2": 1529920150.681549, "classes": ["10"], "id": "673183069445618_1074476902649564"}
{"t": 1529920159.454091, "category": 2, "true": "", "true_cat": 8, "t2": 1529920161.893298, "classes": ["8"], "id": "350242375125258_449023351913826"}
{"t": 1529920175.548121, "category": 12, "true": "y", "true_cat": 12, "t2": 1529920178.204277, "classes": ["12"], "id": "691707047549076_873905779329201"}
{"t": 1529920194.62353, "category": 11, "true": "y", "true_cat": 14, "t2": 1529920204.557479, "classes": ["11"], "id": "676061179094769_1420128124688067"}
{"t": 1529920217.476543, "category": 4, "true": "", "true_cat": 1, "t2": 1529920220.0034251, "classes": ["1"], "id": "676061179094769_1259421350758746"}
{"t": 1529920249.032064, "category": 13, "true": "", "true_cat": 4, "t2": 1529920250.670913, "classes": ["4"], "id": "59946275218_10152278892925219"}
{"t": 1529920374.560402, "category": 1, "true": "y", "true_cat": 1, "t2": 1529920376.160444, "classes": ["1"], "id": "214121868731750_616688941808372"}
{"t": 1529920393.9118452, "category": 14, "true": "", "true_cat": 10, "t2": 1529920395.925287, "classes": ["10"], "id": "404683979561081_975974722432001"}
{"t": 1529920413.474335, "category": 0, "true": "", "true_cat": 13, "t2": 1529920420.130612, "classes": ["13", "7"], "id": "335987446552987_490402311111499"}
{"t": 1529920428.712615, "category": 4, "true": "y", "true_cat": 4, "t2": 1529920430.561175, "classes": ["5", "10"], "id": "665462313475794_1433913279964023"}
{"t": 1529920441.151603, "category": 5, "true": "", "true_cat": 3, "t2": 1529920444.199904, "classes": ["3"], "id": "123900591027437_480989608651865"}
{"t": 1529920492.2308009, "category": 13, "true": "", "true_cat": 0, "t2": 1529920492.878304, "classes": [""], "id": "41459763029_10153668349953030"}
{"t": 1529926438.304478, "category": 7, "true": "y", "true_cat": 12, "t2": 1529926461.399376, "classes": ["7", "10", "12", "9"], "id": "30196574028_10153185765544029"}
{"t": 1529926475.790865, "category": 12, "true": "", "true_cat": 13, "t2": 1529926476.238065, "classes": [""], "id": "235501083187697_370415036334326"}
{"t": 1529926508.268815, "category": 1, "true": "", "true_cat": 0, "t2": 1529926510.931917, "classes": ["10"], "id": "47908701568_10152637665721569"}
{"t": 1529926519.748868, "category": 6, "true": "", "true_cat": 7, "t2": 1529926542.497432, "classes": ["10", "7"], "id": "1593837374204311_1601662900088425"}
{"t": 1529926729.736779, "category": 6, "true": "", "true_cat": 7, "t2": 1529926731.9204009, "classes": ["7"], "id": "135980726440944_868462923192717"}
{"t": 1529926744.3039129, "category": 12, "true": "y", "true_cat": 12, "t2": 1529926745.7758179, "classes": ["12"], "id": "148900938515423_1432388003500037"}
{"t": 1529926887.4520478, "category": 9, "true": "", "true_cat": 3, "t2": 1529926949.4835598, "classes": ["7", "10"], "id": "309867232515766_429939650508523"}
{"t": 1529926958.1876018, "category": 1, "true": "y", "true_cat": 1, "t2": 1529926961.035721, "classes": ["1"], "id": "323452711195305_633146496892590"}
{"t": 1529926990.6580632, "category": 5, "true": "", "true_cat": 10, "t2": 1529926995.185197, "classes": ["3", "12"], "id": "47908701568_10153353834266569"}
{"t": 1529927102.137656, "category": 7, "true": "y", "true_cat": 7, "t2": 1529927106.5697532, "classes": ["7"], "id": "1480686755549319_1597612283856765"}
{"t": 1529927115.89268, "category": 9, "true": "y", "true_cat": 9, "t2": 1529927119.884009, "classes": ["9"], "id": "12458150929_10151783160785930"}
{"t": 1529927143.975897, "category": 2, "true": "y", "true_cat": 5, "t2": 1529927145.271627, "classes": ["5"], "id": "309867232515766_684580401711112"}
{"t": 1529927249.409643, "category": 14, "true": "", "true_cat": 8, "t2": 1529927251.2951732, "classes": ["8"], "id": "44833802365_10153204135597366"}
{"t": 1529927264.0952399, "category": 4, "true": "y", "true_cat": 4, "t2": 1529927265.4552069, "classes": ["4"], "id": "59946275218_10151864925745219"}
{"t": 1529927504.421036, "category": 8, "true": "", "true_cat": 5, "t2": 1529927507.556731, "classes": ["3"], "id": "920392628013629_1171385252914364"}
{"t": 1529927536.957076, "category": 8, "true": "y", "true_cat": 8, "t2": 1529927539.2322261, "classes": ["8"], "id": "78130643639_10152595421128640"}
{"t": 1529927600.513879, "category": 2, "true": "", "true_cat": 9, "t2": 1529927609.5363111, "classes": ["9", "10"], "id": "181106225260438_997461543624898"}
{"t": 1529927627.6944158, "category": 2, "true": "", "true_cat": 11, "t2": 1529927630.6539211, "classes": ["11"], "id": "490036061149758_876224375864256"}
{"t": 1529927640.4146922, "category": 6, "true": "", "true_cat": 7, "t2": 1529927646.1664488, "classes": ["7", "11"], "id": "118490798169181_211786095515300"}
{"t": 1529927657.269241, "category": 12, "true": "y", "true_cat": 12, "t2": 1529927659.9650571, "classes": ["12"], "id": "142316415896803_290091571121483"}
{"t": 1529927680.6982589, "category": 2, "true": "", "true_cat": 9, "t2": 1529927684.898622, "classes": ["0"], "id": "44833802365_10153530926417366"}
{"t": 1529928278.2142122, "category": 1, "true": "y", "true_cat": 11, "t2": 1529928281.67762, "classes": ["1", "11"], "id": "287814831337164_492879334164045"}
{"t": 1529928292.628546, "category": 3, "true": "y", "true_cat": 3, "t2": 1529928297.380673, "classes": ["3"], "id": "235501083187697_1049843335086797"}
{"t": 1529928305.544629, "category": 6, "true": "y", "true_cat": 12, "t2": 1529928308.320145, "classes": ["6", "12"], "id": "665462313475794_1428837980471553"}
{"t": 1529928373.83409, "category": 10, "true": "", "true_cat": 12, "t2": 1529928375.937237, "classes": ["12"], "id": "1493650460890885_1687730884816174"}
{"t": 1529928488.591799, "category": 13, "true": "", "true_cat": 14, "t2": 1529928491.7122638, "classes": ["14"], "id": "33510214383_10154329303384384"}
{"t": 1529928500.549351, "category": 7, "true": "y", "true_cat": 7, "t2": 1529928503.6373298, "classes": ["7"], "id": "561507140593570_1287758224635121"}
{"t": 1529928514.949232, "category": 9, "true": "", "true_cat": 6, "t2": 1529928518.4134772, "classes": ["6"], "id": "252520351444054_1508003675895709"}
{"t": 1529928554.693778, "category": 2, "true": "y", "true_cat": 2, "t2": 1529928557.405215, "classes": ["2"], "id": "965507816809254_1804597979566896"}
{"t": 1529928593.110236, "category": 10, "true": "", "true_cat": 8, "t2": 1529928594.765397, "classes": ["8"], "id": "39233495912_10152756045990913"}
{"t": 1529928610.0911202, "category": 3, "true": "", "true_cat": 5, "t2": 1529928615.410687, "classes": ["5", "7", "9"], "id": "144447802432216_624731434403848"}
{"t": 1529928634.1237068, "category": 11, "true": "", "true_cat": 2, "t2": 1529928637.027516, "classes": ["2"], "id": "276817062372351_837202666333785"}
{"t": 1529928645.272264, "category": 1, "true": "", "true_cat": 6, "t2": 1529928648.9128478, "classes": ["6"], "id": "285033188190537_1090054001021781"}
{"t": 1529928685.598794, "category": 3, "true": "y", "true_cat": 4, "t2": 1529928687.039, "classes": ["3"], "id": "120358338059856_284011621694526"}
{"t": 1529928770.7501838, "category": 13, "true": "y", "true_cat": 13, "t2": 1529928773.55039, "classes": ["13"], "id": "44833802365_10152828375312366"}
{"t": 1529928792.73733, "category": 14, "true": "y", "true_cat": 14, "t2": 1529928794.6971898, "classes": ["14"], "id": "127344360615074_1627380613944767"}
{"t": 1529929025.9371939, "category": 10, "true": "y", "true_cat": 10, "t2": 1529929028.184744, "classes": ["10"], "id": "1546433252297862_1849607568647094"}
{"t": 1529929036.678656, "category": 12, "true": "y", "true_cat": 12, "t2": 1529929038.918582, "classes": ["12"], "id": "131559313586863_772987469444041"}
{"t": 1529929059.859918, "category": 0, "true": "", "true_cat": 1, "t2": 1529929061.97916, "classes": ["1"], "id": "8105654079_197528932575"}
{"t": 1529929088.224566, "category": 7, "true": "", "true_cat": 10, "t2": 1529929090.345483, "classes": ["10"], "id": "33510214383_10151721102674384"}
{"t": 1529929097.338645, "category": 10, "true": "y", "true_cat": 10, "t2": 1529929099.9468749, "classes": ["10"], "id": "47520761764_10151383453306765"}
{"t": 1529929114.4823732, "category": 3, "true": "y", "true_cat": 3, "t2": 1529929117.097549, "classes": ["3"], "id": "389665107805619_434127440026052"}
{"t": 1529929145.276227, "category": 1, "true": "", "true_cat": 14, "t2": 1529929147.3235781, "classes": ["5"], "id": "1559060601030590_1836077796662201"}
{"t": 1529929163.474306, "category": 8, "true": "", "true_cat": 2, "t2": 1529929171.8873868, "classes": ["11"], "id": "1396459723941912_1602531696668046"}
{"t": 1529929193.543964, "category": 13, "true": "", "true_cat": 13, "t2": 1529929200.01551, "classes": ["11"], "id": "123900591027437_833665916717564"}
{"t": 1529929226.789243, "category": 14, "true": "y", "true_cat": 14, "t2": 1529929234.286122, "classes": ["0", "7", "14"], "id": "810791178995871_1434109873330662"}
{"t": 1529929245.3496268, "category": 7, "true": "", "true_cat": 13, "t2": 1529929255.366124, "classes": ["2", "13"], "id": "441397215875393_1236076326407474"}
{"t": 1529929273.435307, "category": 12, "true": "y", "true_cat": 12, "t2": 1529929278.8359091, "classes": ["12"], "id": "335987446552987_403257546492643"}
{"t": 1529929287.2131321, "category": 9, "true": "", "true_cat": 3, "t2": 1529929288.109632, "classes": ["10"], "id": "952334508116178_1743918425624445"}
{"t": 1529929313.080738, "category": 5, "true": "y", "true_cat": 5, "t2": 1529929314.7845771, "classes": ["5"], "id": "144447802432216_162301267313536"}
{"t": 1529929325.7729542, "category": 4, "true": "y", "true_cat": 4, "t2": 1529929327.477053, "classes": ["4"], "id": "1498813583685622_1642308149336164"}
{"t": 1529929349.424361, "category": 9, "true": "", "true_cat": 12, "t2": 1529929350.7593951, "classes": ["12"], "id": "1378861979080037_1423225237977044"}
{"t": 1529929649.778945, "category": 11, "true": "", "true_cat": 8, "t2": 1529929650.337176, "classes": [""], "id": "1489836057958537_1761229034152570"}
{"t": 1529929658.8147829, "category": 8, "true": "y", "true_cat": 8, "t2": 1529929661.534684, "classes": ["8"], "id": "952334508116178_1127508980598729"}
{"t": 1529929681.824251, "category": 0, "true": "y", "true_cat": 0, "t2": 1529929684.77624, "classes": ["0"], "id": "33510214383_10152957755849384"}
{"t": 1529929703.7969081, "category": 13, "true": "y", "true_cat": 13, "t2": 1529929706.637782, "classes": ["13"], "id": "1418511451758028_1596208510654987"}
{"t": 1529929770.165177, "category": 14, "true": "y", "true_cat": 14, "t2": 1529929772.8529909, "classes": ["14"], "id": "952334508116178_1494786567204300"}
{"t": 1529929786.90163, "category": 4, "true": "", "true_cat": 6, "t2": 1529929796.700758, "classes": ["3", "4"], "id": "127941830595839_928734080516606"}
{"t": 1529929817.07133, "category": 7, "true": "y", "true_cat": 7, "t2": 1529929819.1033778, "classes": ["7"], "id": "44833802365_10153809150797366"}
{"t": 1529929852.6175392, "category": 6, "true": "", "true_cat": 5, "t2": 1529929854.536242, "classes": ["10"], "id": "965507816809254_1388070611219637"}
{"t": 1529929868.898958, "category": 14, "true": "y", "true_cat": 14, "t2": 1529929871.210429, "classes": ["14"], "id": "144447802432216_166332223577107"}
{"t": 1529929895.500176, "category": 1, "true": "", "true_cat": 7, "t2": 1529929897.883886, "classes": ["7"], "id": "137685999659722_820085018086480"}
{"t": 1529929910.13664, "category": 11, "true": "", "true_cat": 2, "t2": 1529929910.824238, "classes": [""], "id": "676061179094769_1216018505099031"}
{"t": 1530091104.350761, "category": 6, "true": "", "true_cat": 5, "t2": 1530091106.4619362, "classes": ["5"], "id": "676061179094769_1062391393795077"}
{"t": 1530091114.35123, "category": 12, "true": "", "true_cat": 1, "t2": 1530091115.855819, "classes": ["1"], "id": "140746872636746_1056709661040458"}
{"t": 1530091343.911472, "category": 11, "true": "y", "true_cat": 11, "t2": 1530091347.0074, "classes": ["11"], "id": "191351967739859_383927938482260"}
{"t": 1530091377.388824, "category": 12, "true": "", "true_cat": 6, "t2": 1530091384.772392, "classes": ["6", "10", "14"], "id": "596055947147527_953135801439538"}
{"t": 1530091391.2247481, "category": 5, "true": "", "true_cat": 9, "t2": 1530091403.4793758, "classes": ["14"], "id": "247368612092837_463249167171446"}
{"t": 1530091430.0105212, "category": 3, "true": "y", "true_cat": 3, "t2": 1530091435.506478, "classes": ["3", "0", "10"], "id": "235501083187697_383361765060767"}
{"t": 1530091444.568148, "category": 2, "true": "", "true_cat": 12, "t2": 1530091451.252967, "classes": ["12"], "id": "39233495912_10153083932770913"}
{"t": 1530091495.192468, "category": 11, "true": "", "true_cat": 8, "t2": 1530091504.199348, "classes": ["5", "8"], "id": "384119014960360_909530609085862"}
{"t": 1530091523.898124, "category": 5, "true": "", "true_cat": 5, "t2": 1530091532.693088, "classes": ["1", ""], "id": "1441041006133114_1465322030371678"}
{"t": 1530091601.330522, "category": 5, "true": "", "true_cat": 11, "t2": 1530091608.9519281, "classes": ["10"], "id": "1480686755549319_1501041780180483"}
{"t": 1530091615.739958, "category": 11, "true": "", "true_cat": 9, "t2": 1530091619.7160041, "classes": ["14", "9"], "id": "247368612092837_699778133518547"}
{"t": 1530091627.5855098, "category": 1, "true": "y", "true_cat": 1, "t2": 1530091629.313123, "classes": ["1"], "id": "223040066022_10154316696076023"}
{"t": 1530091697.542096, "category": 3, "true": "y", "true_cat": 3, "t2": 1530091698.814116, "classes": ["3"], "id": "223040066022_10154125459226023"}
{"t": 1530091715.8277051, "category": 10, "true": "", "true_cat": 11, "t2": 1530091720.283981, "classes": ["11"], "id": "229737453706271_468469839833030"}
{"t": 1530091736.676569, "category": 5, "true": "", "true_cat": 2, "t2": 1530091737.372969, "classes": ["3"], "id": "806787069416954_1083736815055310"}
{"t": 1530091744.656318, "category": 0, "true": "", "true_cat": 9, "t2": 1530091746.2728598, "classes": ["9"], "id": "145989963343_10153736879718344"}
{"t": 1530091785.646705, "category": 6, "true": "", "true_cat": 1, "t2": 1530091787.02977, "classes": ["1"], "id": "305365232840389_459250017451909"}
{"t": 1530091808.618048, "category": 10, "true": "y", "true_cat": 10, "t2": 1530091809.395465, "classes": ["10"], "id": "1634197106810421_1736178846612246"}
{"t": 1530091817.326236, "category": 10, "true": "", "true_cat": 8, "t2": 1530091818.438483, "classes": ["11"], "id": "1702345189990994_1807536999471812"}
{"t": 1530091840.82916, "category": 8, "true": "y", "true_cat": 8, "t2": 1530091842.860959, "classes": ["8"], "id": "978478162169409_1479177268766160"}
{"t": 1530091864.501504, "category": 0, "true": "y", "true_cat": 0, "t2": 1530091866.085463, "classes": ["0"], "id": "706909146058066_1059231380825839"}
{"t": 1530091931.943498, "category": 6, "true": "y", "true_cat": 6, "t2": 1530091934.919468, "classes": ["6", "10"], "id": "1417938685172201_1457377017895034"}
{"t": 1530091942.729334, "category": 9, "true": "y", "true_cat": 9, "t2": 1530091945.1930408, "classes": ["9"], "id": "490036061149758_571056696381027"}
{"t": 1530091950.812856, "category": 13, "true": "y", "true_cat": 13, "t2": 1530091957.05252, "classes": ["13"], "id": "74796954245_10154955138169246"}
{"t": 1530091967.9783459, "category": 8, "true": "y", "true_cat": 8, "t2": 1530091970.4110389, "classes": ["8"], "id": "561507140593570_1260799500664327"}
{"t": 1530091978.1056588, "category": 2, "true": "y", "true_cat": 2, "t2": 1530091980.042149, "classes": ["2"], "id": "39233495912_10153498787770913"}
{"t": 1530092207.974626, "category": 3, "true": "", "true_cat": 5, "t2": 1530092209.998821, "classes": ["5"], "id": "150605885088629_479096842239530"}
{"t": 1530092220.308838, "category": 14, "true": "y", "true_cat": 14, "t2": 1530092225.2368839, "classes": ["14"], "id": "485258461546297_864887160250090"}
{"t": 1530092255.054482, "category": 4, "true": "y", "true_cat": 4, "t2": 1530092268.632315, "classes": ["4", "5"], "id": "411433282329295_735744643231489"}
{"t": 1530092279.206538, "category": 8, "true": "y", "true_cat": 8, "t2": 1530092281.8705459, "classes": ["7", "14"], "id": "74796954245_134545596623949"}
{"t": 1530092600.568518, "category": 9, "true": "y", "true_cat": 9, "t2": 1530092605.2241569, "classes": ["9"], "id": "118948271632865_332145020313188"}
{"t": 1530092617.63938, "category": 3, "true": "", "true_cat": 13, "t2": 1530092622.999008, "classes": ["13"], "id": "441397215875393_1179204252094682"}
{"t": 1530092658.398879, "category": 11, "true": "y", "true_cat": 11, "t2": 1530092666.696157, "classes": ["0", "11"], "id": "123900591027437_797238217027001"}
{"t": 1530092677.516545, "category": 1, "true": "y", "true_cat": 1, "t2": 1530092679.2205281, "classes": ["1"], "id": "441397215875393_1599153053433131"}
{"t": 1530092720.54319, "category": 2, "true": "", "true_cat": 2, "t2": 1530092720.9265559, "classes": [""], "id": "180658048629404_1524447194250476"}
{"t": 1530092731.130955, "category": 7, "true": "y", "true_cat": 7, "t2": 1530092732.819155, "classes": ["7"], "id": "47908701568_10151502480811569"}
{"t": 1530092751.195672, "category": 13, "true": "", "true_cat": 13, "t2": 1530092751.580331, "classes": [""], "id": "335987446552987_751345441683850"}
{"t": 1530092783.811857, "category": 1, "true": "y", "true_cat": 1, "t2": 1530092785.1313002, "classes": ["1"], "id": "1711091055784143_1742863765940205"}
{"t": 1530092794.4911842, "category": 13, "true": "", "true_cat": 13, "t2": 1530092794.8354821, "classes": [""], "id": "69985338410_10154081274208411"}
{"t": 1530092801.387316, "category": 14, "true": "y", "true_cat": 14, "t2": 1530092805.9175858, "classes": ["14"], "id": "195621950482248_292677360782283"}
{"t": 1530092855.4801269, "category": 10, "true": "y", "true_cat": 10, "t2": 1530092857.416105, "classes": ["10"], "id": "1448006052123626_1910823829175177"}
{"t": 1530092886.45549, "category": 7, "true": "", "true_cat": 4, "t2": 1530092892.366991, "classes": ["4"], "id": "1498813583685622_1823529864547324"}
{"t": 1530092904.33146, "category": 0, "true": "", "true_cat": 5, "t2": 1530092905.307051, "classes": [""], "id": "441397215875393_408069599330590"}
{"t": 1530093021.9520588, "category": 14, "true": "", "true_cat": 9, "t2": 1530093023.7916532, "classes": ["9"], "id": "490036061149758_525243660962331"}
{"t": 1530093037.937804, "category": 2, "true": "y", "true_cat": 2, "t2": 1530093043.048528, "classes": ["2"], "id": "185007844849973_1448009288549816"}
{"t": 1530093058.23905, "category": 14, "true": "y", "true_cat": 14, "t2": 1530093061.440187, "classes": ["14"], "id": "41459763029_10152725293148030"}
{"t": 1530093068.223225, "category": 4, "true": "", "true_cat": 7, "t2": 1530093070.49602, "classes": ["7"], "id": "178127392234168_894042560642644"}
{"t": 1530093093.036573, "category": 3, "true": "", "true_cat": 7, "t2": 1530093097.5965152, "classes": ["11", "7"], "id": "294279024091511_340877749431638"}
{"t": 1530093108.189449, "category": 9, "true": "", "true_cat": 8, "t2": 1530093122.218602, "classes": ["8"], "id": "44833802365_10153490501667366"}
{"t": 1530093135.124521, "category": 7, "true": "", "true_cat": 12, "t2": 1530093144.052466, "classes": ["12", "6", "10"], "id": "120358338059856_737372079691809"}
{"t": 1530093240.9750779, "category": 9, "true": "", "true_cat": 9, "t2": 1530093244.447566, "classes": ["5", "9"], "id": "673183069445618_1275722675858318"}
{"t": 1530093266.73228, "category": 8, "true": "", "true_cat": 9, "t2": 1530093269.892061, "classes": ["11"], "id": "39576149556_10150107346069557"}
{"t": 1530093278.644379, "category": 8, "true": "y", "true_cat": 8, "t2": 1530093281.084408, "classes": ["8"], "id": "797914366929069_826703147383524"}
{"t": 1530093318.7169092, "category": 11, "true": "y", "true_cat": 11, "t2": 1530093321.7089128, "classes": ["1", "11"], "id": "74796954245_379178858833579"}
{"t": 1530093332.304123, "category": 12, "true": "y", "true_cat": 12, "t2": 1530093335.784513, "classes": ["12"], "id": "642116389141607_978110115542231"}
{"t": 1530093348.339296, "category": 13, "true": "", "true_cat": 13, "t2": 1530093349.075985, "classes": [""], "id": "175437749163141_651372898236288"}
{"t": 1530093363.9593868, "category": 14, "true": "", "true_cat": 9, "t2": 1530093365.598924, "classes": ["9"], "id": "148900938515423_1454992081239629"}
{"t": 1530093380.342269, "category": 4, "true": "", "true_cat": 3, "t2": 1530093383.341954, "classes": ["3"], "id": "529124290474705_878970442156753"}
{"t": 1530093469.9907, "category": 6, "true": "", "true_cat": 13, "t2": 1530093479.373473, "classes": ["13", "10"], "id": "30196574028_10153797333534029"}
{"t": 1530093496.937113, "category": 2, "true": "y", "true_cat": 2, "t2": 1530093499.353028, "classes": ["2"], "id": "350242375125258_439824762833685"}
{"t": 1530093520.679392, "category": 10, "true": "y", "true_cat": 10, "t2": 1530093522.575379, "classes": ["10"], "id": "1498813583685622_1804626916437619"}
{"t": 1530093544.360012, "category": 5, "true": "y", "true_cat": 5, "t2": 1530093545.3763928, "classes": ["5"], "id": "144447802432216_550534141823578"}
{"t": 1530093558.849924, "category": 12, "true": "", "true_cat": 4, "t2": 1530093560.9854982, "classes": ["6"], "id": "358102574347013_634519686705299"}
{"t": 1530093583.7891042, "category": 9, "true": "y", "true_cat": 9, "t2": 1530093586.397342, "classes": ["9", "11"], "id": "164752600281593_1259576117465897"}
{"t": 1530093687.1843772, "category": 13, "true": "", "true_cat": 7, "t2": 1530093688.9680388, "classes": ["7"], "id": "432475370261965_752438314932334"}
{"t": 1530093699.541964, "category": 5, "true": "y", "true_cat": 5, "t2": 1530093700.5583448, "classes": ["5"], "id": "106609252839021_234542573379021"}
{"t": 1530093714.48086, "category": 6, "true": "", "true_cat": 0, "t2": 1530093716.136739, "classes": ["3"], "id": "331406263723146_596746680522435"}
{"t": 1530093760.6164181, "category": 6, "true": "", "true_cat": 13, "t2": 1530093760.968296, "classes": [""], "id": "106952222676974_851875028184686"}
{"t": 1530093815.698014, "category": 0, "true": "y", "true_cat": 0, "t2": 1530093816.5537128, "classes": ["0"], "id": "69985338410_10154293354133411"}
{"t": 1530093830.107924, "category": 11, "true": "", "true_cat": 6, "t2": 1530093832.339254, "classes": ["6"], "id": "642116389141607_1589740767712493"}
{"t": 1530093847.762154, "category": 9, "true": "", "true_cat": 1, "t2": 1530093855.236931, "classes": ["1"], "id": "46151445835_198800066933490"}
{"t": 1530093880.607362, "category": 11, "true": "", "true_cat": 0, "t2": 1530093882.7108648, "classes": ["0"], "id": "33510214383_10153525988129384"}
{"t": 1530093991.07533, "category": 8, "true": "", "true_cat": 5, "t2": 1530093993.074989, "classes": ["9"], "id": "490036061149758_515313111955386"}
{"t": 1530094006.237492, "category": 7, "true": "", "true_cat": 0, "t2": 1530094006.813462, "classes": [""], "id": "270431402967189_1186603491349971"}
{"t": 1530094039.116297, "category": 3, "true": "", "true_cat": 8, "t2": 1530094041.484024, "classes": ["8"], "id": "137685999659722_1178266008935044"}
{"t": 1530094120.375702, "category": 3, "true": "", "true_cat": 9, "t2": 1530094120.703068, "classes": [""], "id": "44833802365_10154024178337366"}
{"t": 1530094138.617343, "category": 7, "true": "", "true_cat": 1, "t2": 1530094140.618009, "classes": ["1"], "id": "676061179094769_1575450272489184"}
{"t": 1530094155.0988412, "category": 14, "true": "y", "true_cat": 14, "t2": 1530094157.755111, "classes": ["14"], "id": "130168790517043_562582267275691"}
{"t": 1530094163.700534, "category": 3, "true": "y", "true_cat": 3, "t2": 1530094166.068476, "classes": ["3"], "id": "529124290474705_904852022901928"}
{"t": 1530094179.718957, "category": 1, "true": "", "true_cat": 0, "t2": 1530094180.046546, "classes": [""], "id": "214121868731750_540868786057055"}
{"t": 1530094191.6363719, "category": 9, "true": "", "true_cat": 2, "t2": 1530094193.5079832, "classes": ["10"], "id": "591707450918919_670715059684824"}
{"t": 1530094223.587012, "category": 4, "true": "y", "true_cat": 4, "t2": 1530094225.539546, "classes": ["4"], "id": "358102574347013_577733085717293"}
{"t": 1530094348.457396, "category": 5, "true": "y", "true_cat": 5, "t2": 1530094350.600957, "classes": ["5"], "id": "699619700116377_963030603775284"}
{"t": 1530094415.873329, "category": 7, "true": "y", "true_cat": 7, "t2": 1530094418.6730042, "classes": ["7"], "id": "425927674119415_963884600323717"}
{"t": 1530094432.3479848, "category": 2, "true": "y", "true_cat": 2, "t2": 1530094434.187613, "classes": ["2"], "id": "243023159062079_888956807802041"}
{"t": 1530094466.8900192, "category": 5, "true": "", "true_cat": 3, "t2": 1530094470.0495229, "classes": ["10"], "id": "127344360615074_1001558993193602"}
{"t": 1530094483.203915, "category": 11, "true": "", "true_cat": 2, "t2": 1530094484.787255, "classes": [""], "id": "305365232840389_508496242527286"}
{"t": 1530094493.690153, "category": 4, "true": "y", "true_cat": 4, "t2": 1530094495.593954, "classes": ["5"], "id": "120358338059856_809603412468675"}
{"t": 1530094550.301862, "category": 9, "true": "y", "true_cat": 9, "t2": 1530094557.8279629, "classes": ["9"], "id": "490036061149758_521005498052814"}
{"t": 1530094609.129142, "category": 0, "true": "y", "true_cat": 0, "t2": 1530094610.369211, "classes": ["0"], "id": "235501083187697_208477272589368"}
{"t": 1530094623.786845, "category": 2, "true": "", "true_cat": 8, "t2": 1530094626.466615, "classes": ["8"], "id": "223155564511824_234484826712231"}
{"t": 1530094692.546283, "category": 11, "true": "y", "true_cat": 11, "t2": 1530094694.714276, "classes": ["11"], "id": "1493650460890885_1810962235826371"}
{"t": 1530094709.477443, "category": 1, "true": "", "true_cat": 2, "t2": 1530094712.029304, "classes": ["2"], "id": "133373330053923_954312091293372"}
{"t": 1530094722.073969, "category": 7, "true": "y", "true_cat": 7, "t2": 1530094723.1458979, "classes": [""], "id": "561507140593570_1040713682672911"}
{"t": 1530094765.018987, "category": 4, "true": "", "true_cat": 0, "t2": 1530094765.362435, "classes": [""], "id": "148900938515423_853308848074625"}
{"t": 1530094789.66007, "category": 14, "true": "y", "true_cat": 14, "t2": 1530094791.556828, "classes": ["14"], "id": "41459763029_10153631898988030"}
{"t": 1530094869.749302, "category": 9, "true": "", "true_cat": 8, "t2": 1530094871.756753, "classes": ["8"], "id": "952334508116178_1214093445273615"}
{"t": 1530094881.466301, "category": 5, "true": "y", "true_cat": 0, "t2": 1530094884.4261062, "classes": ["5", "13"], "id": "533647596693545_1085113771546922"}
{"t": 1530094981.3218791, "category": 12, "true": "", "true_cat": 6, "t2": 1530094984.569195, "classes": ["6", "14"], "id": "337594876360078_418639364922295"}
{"t": 1530094992.82756, "category": 9, "true": "", "true_cat": 5, "t2": 1530094994.0192041, "classes": ["5"], "id": "178127392234168_194660980608093"}
{"t": 1530095010.991599, "category": 2, "true": "", "true_cat": 8, "t2": 1530095014.0951612, "classes": ["10", "8"], "id": "44833802365_10153690877117366"}
{"t": 1530095083.984938, "category": 14, "true": "", "true_cat": 9, "t2": 1530095086.136895, "classes": ["9"], "id": "350858991459_10154905005071460"}
{"t": 1530095098.998177, "category": 13, "true": "y", "true_cat": 13, "t2": 1530095101.7261078, "classes": ["13"], "id": "130168790517043_428400177360568"}
{"t": 1530095767.530506, "category": 1, "true": "", "true_cat": 7, "t2": 1530095769.8100622, "classes": ["7"], "id": "350242375125258_361894953960000"}
{"t": 1530095779.0753741, "category": 6, "true": "", "true_cat": 9, "t2": 1530095780.683459, "classes": ["9"], "id": "106952222676974_874944789211043"}
{"t": 1530095788.436554, "category": 10, "true": "", "true_cat": 10, "t2": 1530095789.7013938, "classes": ["3"], "id": "952334508116178_1130587760290851"}
{"t": 1530095799.1069179, "category": 11, "true": "y", "true_cat": 11, "t2": 1530095799.954958, "classes": ["11"], "id": "390925417751473_446927032151311"}
{"t": 1530095812.413576, "category": 4, "true": "", "true_cat": 4, "t2": 1530095813.636947, "classes": ["3"], "id": "113836012012239_785301411532359"}
{"t": 1530095822.094246, "category": 6, "true": "", "true_cat": 4, "t2": 1530095824.726122, "classes": ["4"], "id": "1384921248388622_1677454155801995"}
{"t": 1530095827.982498, "category": 7, "true": "y", "true_cat": 7, "t2": 1530095829.086468, "classes": ["7"], "id": "376470852512492_460894350736808"}
{"t": 1530095838.353075, "category": 11, "true": "y", "true_cat": 11, "t2": 1530095839.481054, "classes": ["11"], "id": "1632661713611931_1648696428675126"}
{"t": 1530095860.374155, "category": 7, "true": "", "true_cat": 8, "t2": 1530095862.022686, "classes": ["8"], "id": "240637459319900_702584396458535"}
{"t": 1530095870.706573, "category": 6, "true": "y", "true_cat": 6, "t2": 1530095873.1144588, "classes": ["6"], "id": "520449347983427_1601341679894183"}
{"t": 1530095880.986412, "category": 7, "true": "", "true_cat": 5, "t2": 1530095882.6185951, "classes": ["5"], "id": "859179137457045_1117995561575400"}
{"t": 1530095899.594969, "category": 2, "true": "y", "true_cat": 2, "t2": 1530095902.090272, "classes": ["2"], "id": "718327901589937_779103398845720"}
{"t": 1530095912.1749508, "category": 10, "true": "", "true_cat": 7, "t2": 1530095913.998971, "classes": [""], "id": "786138054750620_983782571652833"}
{"t": 1530095959.0503, "category": 0, "true": "y", "true_cat": 0, "t2": 1530095960.849356, "classes": ["0"], "id": "46151445835_10153437364880836"}
{"t": 1530095970.096504, "category": 1, "true": "", "true_cat": 0, "t2": 1530095970.729503, "classes": ["0"], "id": "235501083187697_568554209882381"}
{"t": 1530095983.741204, "category": 7, "true": "", "true_cat": 14, "t2": 1530095987.084036, "classes": ["14"], "id": "39233495912_10154295337680913"}
{"t": 1530096083.0052512, "category": 12, "true": "", "true_cat": 9, "t2": 1530096089.840411, "classes": ["2"], "id": "207401585966233_945267532179631"}
{"t": 1530096096.87789, "category": 12, "true": "y", "true_cat": 12, "t2": 1530096099.373546, "classes": ["12"], "id": "1384921248388622_1661409604073117"}
{"t": 1530096134.770047, "category": 14, "true": "", "true_cat": 9, "t2": 1530096136.617614, "classes": ["1"], "id": "162843287205735_556876317802428"}
{"t": 1530096201.277421, "category": 0, "true": "", "true_cat": 13, "t2": 1530096204.3329651, "classes": ["0"], "id": "461364607347621_626159620868118"}
{"t": 1530096217.5930839, "category": 10, "true": "y", "true_cat": 10, "t2": 1530096219.705882, "classes": ["10"], "id": "127344360615074_471480199584222"}
{"t": 1530096227.77698, "category": 8, "true": "", "true_cat": 1, "t2": 1530096228.425098, "classes": ["3"], "id": "130168790517043_408104946056758"}
{"t": 1530096233.704899, "category": 14, "true": "", "true_cat": 11, "t2": 1530096235.0879948, "classes": ["11"], "id": "44833802365_10153517878917366"}
{"t": 1530096244.43596, "category": 9, "true": "y", "true_cat": 9, "t2": 1530096245.156078, "classes": ["9"], "id": "390925417751473_494447387399275"}
{"t": 1530096255.1829782, "category": 3, "true": "", "true_cat": 13, "t2": 1530096259.351087, "classes": ["13", "14", "5"], "id": "74796954245_100865163318425"}
{"t": 1530096277.836163, "category": 10, "true": "y", "true_cat": 10, "t2": 1530096280.772334, "classes": ["10"], "id": "47520761764_10153989498566765"}
{"t": 1530097000.025285, "category": 12, "true": "y", "true_cat": 12, "t2": 1530097002.840307, "classes": ["12"], "id": "687073988036611_1030744020336271"}
{"t": 1530097023.993255, "category": 12, "true": "y", "true_cat": 12, "t2": 1530097030.1931589, "classes": ["12"], "id": "358102574347013_521337698023499"}
{"t": 1530097079.32713, "category": 10, "true": "", "true_cat": 8, "t2": 1530097080.615266, "classes": ["8"], "id": "526620377500921_550203598475932"}
{"t": 1530097094.011891, "category": 1, "true": "", "true_cat": 8, "t2": 1530097094.835486, "classes": [""], "id": "240637459319900_609594099090899"}
{"t": 1530097134.2221062, "category": 9, "true": "", "true_cat": 9, "t2": 1530097135.092654, "classes": ["0"], "id": "235501083187697_1258650580872737"}
{"t": 1530097147.973186, "category": 9, "true": "y", "true_cat": 9, "t2": 1530097149.814015, "classes": ["3", "9"], "id": "1442400742660069_1779200788980061"}
{"t": 1530097160.385904, "category": 5, "true": "y", "true_cat": 5, "t2": 1530097162.328794, "classes": ["5"], "id": "144447802432216_507234982820161"}
{"t": 1530097170.352534, "category": 10, "true": "y", "true_cat": 10, "t2": 1530097171.944454, "classes": ["10"], "id": "24352982198_10151181920737199"}
{"t": 1530097221.1007528, "category": 12, "true": "", "true_cat": 3, "t2": 1530097224.781013, "classes": ["3"], "id": "58140803787_10151902565083788"}
{"t": 1530097235.3443992, "category": 0, "true": "y", "true_cat": 0, "t2": 1530097237.264235, "classes": ["0", "10"], "id": "897614803623718_970503029668228"}
{"t": 1530097249.337007, "category": 2, "true": "y", "true_cat": 2, "t2": 1530097249.913114, "classes": [""], "id": "55402727258_10150961031352259"}
{"t": 1530097261.1608021, "category": 9, "true": "", "true_cat": 9, "t2": 1530097263.9973052, "classes": ["10"], "id": "358102574347013_729533497203917"}
{"t": 1530097271.5982459, "category": 3, "true": "y", "true_cat": 3, "t2": 1530097273.228866, "classes": ["3"], "id": "642116389141607_717772934909285"}
{"t": 1530097283.2642272, "category": 4, "true": "", "true_cat": 3, "t2": 1530097285.6492958, "classes": ["3"], "id": "39233495912_10153482619890913"}
{"t": 1530097291.781278, "category": 7, "true": "y", "true_cat": 7, "t2": 1530097293.957132, "classes": ["7", "11"], "id": "55402727258_10155329699982259"}
{"t": 1530097309.289053, "category": 14, "true": "y", "true_cat": 12, "t2": 1530097312.561076, "classes": ["14"], "id": "47520761764_10151660828901765"}
{"t": 1530097383.120758, "category": 12, "true": "", "true_cat": 13, "t2": 1530097386.4952278, "classes": ["13", "8"], "id": "229737453706271_1687887974557871"}
{"t": 1530097455.528496, "category": 14, "true": "y", "true_cat": 14, "t2": 1530097456.5828428, "classes": ["14"], "id": "88419746037_10155329709431038"}
{"t": 1530097472.339595, "category": 4, "true": "", "true_cat": 9, "t2": 1530097472.889602, "classes": [""], "id": "118948271632865_383495968511426"}
{"t": 1530097508.5684118, "category": 12, "true": "", "true_cat": 8, "t2": 1530097509.496362, "classes": ["7"], "id": "44833802365_54263389703"}
{"t": 1530097519.3302882, "category": 0, "true": "y", "true_cat": 0, "t2": 1530097520.4906318, "classes": ["0"], "id": "389665107805619_967987346640056"}
{"t": 1530097527.467442, "category": 1, "true": "y", "true_cat": 8, "t2": 1530097528.083349, "classes": ["1"], "id": "49348971479_10151800877066480"}
{"t": 1530097533.997963, "category": 7, "true": "", "true_cat": 2, "t2": 1530097535.0232708, "classes": ["2"], "id": "350858991459_463033840381086"}
{"t": 1530097546.113173, "category": 12, "true": "", "true_cat": 8, "t2": 1530097548.496544, "classes": ["8"], "id": "44833802365_10154044441502366"}
{"t": 1530097606.375967, "category": 9, "true": "y", "true_cat": 9, "t2": 1530097608.447974, "classes": ["9"], "id": "642116389141607_858172857535958"}
{"t": 1530097672.676149, "category": 7, "true": "y", "true_cat": 7, "t2": 1530097674.61221, "classes": ["7"], "id": "460055244123143_475346912593976"}
{"t": 1530097701.7848241, "category": 1, "true": "y", "true_cat": 1, "t2": 1530097707.8806882, "classes": ["1", "7", "5", "9"], "id": "8611462388_282545928491416"}
{"t": 1530097715.614906, "category": 10, "true": "", "true_cat": 1, "t2": 1530097716.99878, "classes": ["11"], "id": "133373330053923_954049614652953"}
{"t": 1530097806.1265411, "category": 12, "true": "", "true_cat": 10, "t2": 1530097807.341154, "classes": ["10"], "id": "642116389141607_945803162106260"}
{"t": 1530097849.2742028, "category": 14, "true": "", "true_cat": 4, "t2": 1530097851.617662, "classes": ["4"], "id": "33510214383_10154190840559384"}
{"t": 1530097857.224127, "category": 1, "true": "y", "true_cat": 1, "t2": 1530097858.127983, "classes": ["1"], "id": "46151445835_165658300214645"}
{"t": 1530097879.779742, "category": 11, "true": "", "true_cat": 12, "t2": 1530097881.395334, "classes": ["12"], "id": "229737453706271_1451608071519197"}
{"t": 1530097925.3099442, "category": 8, "true": "y", "true_cat": 8, "t2": 1530097926.5345972, "classes": ["8"], "id": "162843287205735_339786612844734"}
{"t": 1530097972.580443, "category": 7, "true": "y", "true_cat": 7, "t2": 1530097973.80446, "classes": ["7"], "id": "323452711195305_590348571172383"}
{"t": 1530097985.530219, "category": 1, "true": "", "true_cat": 12, "t2": 1530097986.674527, "classes": ["4"], "id": "237911156252621_978532798857116"}
{"t": 1530098049.720643, "category": 3, "true": "y", "true_cat": 3, "t2": 1530098050.760598, "classes": ["3"], "id": "113836012012239_1016313061764525"}
{"t": 1530098071.747414, "category": 14, "true": "y", "true_cat": 14, "t2": 1530098074.011711, "classes": ["3", "14"], "id": "47908701568_10152823187986569"}
{"t": 1530098090.691838, "category": 5, "true": "", "true_cat": 12, "t2": 1530098092.235135, "classes": ["12"], "id": "59946275218_10154256231745219"}
{"t": 1530098099.078451, "category": 1, "true": "", "true_cat": 14, "t2": 1530098104.230824, "classes": ["14"], "id": "270431402967189_1120995574577430"}
{"t": 1530098117.874229, "category": 9, "true": "y", "true_cat": 9, "t2": 1530098120.0664299, "classes": ["9"], "id": "335987446552987_424302187721512"}
{"t": 1530098125.8635352, "category": 9, "true": "", "true_cat": 3, "t2": 1530098126.775786, "classes": ["3"], "id": "137685999659722_283714911643362"}
{"t": 1530098132.498832, "category": 4, "true": "y", "true_cat": 4, "t2": 1530098134.050633, "classes": ["4"], "id": "442403485851495_458027964289047"}
{"t": 1530098220.719771, "category": 1, "true": "", "true_cat": 12, "t2": 1530098222.208867, "classes": ["12"], "id": "897614803623718_920496014668930"}
{"t": 1530098228.54432, "category": 13, "true": "", "true_cat": 11, "t2": 1530098229.664421, "classes": ["11"], "id": "185007844849973_698386216845464"}
{"t": 1530098294.703715, "category": 3, "true": "", "true_cat": 3, "t2": 1530098296.2959518, "classes": [""], "id": "810791178995871_868195383255450"}
{"t": 1530098307.680176, "category": 7, "true": "y", "true_cat": 7, "t2": 1530098309.120713, "classes": ["7"], "id": "78130643639_10152411122238640"}
{"t": 1530098346.1165152, "category": 9, "true": "", "true_cat": 4, "t2": 1530098347.125303, "classes": ["4"], "id": "533647596693545_791640997560869"}
{"t": 1530098353.944917, "category": 7, "true": "", "true_cat": 3, "t2": 1530098355.945653, "classes": ["3"], "id": "74796954245_10153306224479246"}
{"t": 1530098362.794764, "category": 2, "true": "", "true_cat": 6, "t2": 1530098364.714907, "classes": ["6", "7"], "id": "821345264625901_841611312599296"}
{"t": 1530098524.607819, "category": 9, "true": "", "true_cat": 9, "t2": 1530098524.885509, "classes": [""], "id": "285033188190537_1095712467122601"}
{"t": 1530098534.9520378, "category": 11, "true": "", "true_cat": 1, "t2": 1530098536.848903, "classes": ["1"], "id": "46151445835_10153000064060836"}
{"t": 1530098559.701084, "category": 14, "true": "", "true_cat": 13, "t2": 1530098561.0525582, "classes": ["7"], "id": "461364607347621_708090686008344"}
{"t": 1530098578.841897, "category": 13, "true": "", "true_cat": 0, "t2": 1530098580.473632, "classes": ["2"], "id": "706909146058066_1267742673308041"}
{"t": 1530098588.679926, "category": 7, "true": "", "true_cat": 12, "t2": 1530098591.4080682, "classes": ["12"], "id": "952334508116178_1569084243107865"}
{"t": 1530098607.4843578, "category": 9, "true": "", "true_cat": 12, "t2": 1530098608.9325461, "classes": ["12"], "id": "33510214383_10152516258079384"}
{"t": 1530098739.202314, "category": 12, "true": "", "true_cat": 2, "t2": 1530098743.90713, "classes": ["2"], "id": "806787069416954_1042723692489956"}
{"t": 1530181214.4699578, "category": 5, "true": "", "true_cat": 0, "t2": 1530181215.180964, "classes": [""], "id": "1711091055784143_1740530322840216"}
{"t": 1530181227.440387, "category": 7, "true": "y", "true_cat": 7, "t2": 1530181227.928642, "classes": [""], "id": "354445861382746_389021161258549"}
{"t": 1530181235.032502, "category": 9, "true": "y", "true_cat": 9, "t2": 1530181237.312674, "classes": ["5", "9"], "id": "243023159062079_1121362771228109"}
{"t": 1530181245.53632, "category": 14, "true": "", "true_cat": 4, "t2": 1530181247.752752, "classes": ["10"], "id": "424159230945271_590305600997299"}
{"t": 1530181279.503264, "category": 11, "true": "", "true_cat": 12, "t2": 1530181280.603837, "classes": ["14"], "id": "354144841359670_433301040110716"}
{"t": 1530181304.133698, "category": 13, "true": "", "true_cat": 0, "t2": 1530181304.580801, "classes": [""], "id": "309867232515766_471763679659453"}
{"t": 1530181315.947343, "category": 5, "true": "y", "true_cat": 5, "t2": 1530181317.6193879, "classes": ["5"], "id": "309867232515766_383338991835256"}
{"t": 1530181329.454738, "category": 13, "true": "", "true_cat": 9, "t2": 1530181330.1822772, "classes": ["9"], "id": "261448183993841_790244551114199"}
{"t": 1530181340.926569, "category": 5, "true": "y", "true_cat": 5, "t2": 1530181342.510686, "classes": ["5"], "id": "1378861979080037_1429488200684081"}
{"t": 1530181366.344914, "category": 14, "true": "y", "true_cat": 14, "t2": 1530181369.4329169, "classes": ["1", "10", "14"], "id": "49348971479_10153772807826480"}
{"t": 1530181375.560916, "category": 12, "true": "", "true_cat": 14, "t2": 1530181376.768801, "classes": ["14"], "id": "270431402967189_1102039286473059"}
{"t": 1530181412.7456498, "category": 5, "true": "", "true_cat": 4, "t2": 1530181414.3534029, "classes": ["4"], "id": "597662496970739_620319628038359"}
{"t": 1530181483.446744, "category": 12, "true": "", "true_cat": 11, "t2": 1530181485.31834, "classes": ["11"], "id": "223155564511824_758788634281845"}
{"t": 1530181489.766402, "category": 14, "true": "y", "true_cat": 14, "t2": 1530181492.006243, "classes": ["14"], "id": "78130643639_10153577720688640"}
{"t": 1530181546.889174, "category": 1, "true": "y", "true_cat": 1, "t2": 1530181547.3533719, "classes": ["1"], "id": "490036061149758_732322180254477"}
{"t": 1530181613.158773, "category": 7, "true": "", "true_cat": 2, "t2": 1530181614.918317, "classes": ["2"], "id": "425927674119415_435930833158467"}
{"t": 1530181629.252, "category": 1, "true": "y", "true_cat": 1, "t2": 1530181630.587732, "classes": ["1"], "id": "676061179094769_1414726018561611"}
{"t": 1530181651.130048, "category": 6, "true": "", "true_cat": 14, "t2": 1530181654.285635, "classes": ["14"], "id": "120358338059856_994543560641325"}
{"t": 1530181682.396598, "category": 2, "true": "", "true_cat": 13, "t2": 1530181688.627369, "classes": ["13"], "id": "113283418726200_784885944899274"}
{"t": 1530181716.8358982, "category": 9, "true": "", "true_cat": 5, "t2": 1530181718.1712372, "classes": ["5"], "id": "301279783370957_588524374646495"}
{"t": 1530181782.5281322, "category": 12, "true": "y", "true_cat": 12, "t2": 1530181785.455317, "classes": ["12"], "id": "358102574347013_436056759884927"}
{"t": 1530181811.55686, "category": 6, "true": "y", "true_cat": 6, "t2": 1530181816.980884, "classes": ["6"], "id": "545457835487717_891326694234161"}
{"t": 1530181827.553706, "category": 13, "true": "y", "true_cat": 13, "t2": 1530181837.191212, "classes": ["13"], "id": "116061635098137_125093187556527"}
{"t": 1530181859.025293, "category": 10, "true": "y", "true_cat": 10, "t2": 1530181861.529314, "classes": ["0"], "id": "952334508116178_1365823496767275"}
{"t": 1530181882.944421, "category": 10, "true": "", "true_cat": 11, "t2": 1530181885.047083, "classes": ["11"], "id": "706909146058066_828238733925106"}
{"t": 1530181900.4797099, "category": 7, "true": "y", "true_cat": 7, "t2": 1530181902.872364, "classes": ["7"], "id": "135980726440944_899020863470256"}
{"t": 1530181917.826987, "category": 0, "true": "y", "true_cat": 0, "t2": 1530181920.874959, "classes": ["0"], "id": "642116389141607_690282214325024"}
{"t": 1530181954.996812, "category": 11, "true": "", "true_cat": 7, "t2": 1530181955.492838, "classes": [""], "id": "1632661713611931_1741641022713999"}
{"t": 1530181975.185245, "category": 13, "true": "", "true_cat": 8, "t2": 1530181977.4702451, "classes": ["8"], "id": "504310436316194_903223463091554"}
{"t": 1530182015.894801, "category": 6, "true": "", "true_cat": 1, "t2": 1530182016.24364, "classes": [""], "id": "66224663563_394792128563"}
{"t": 1530182034.069621, "category": 10, "true": "", "true_cat": 11, "t2": 1530182038.416579, "classes": ["11", "12"], "id": "303940066441033_366403100194729"}
{"t": 1530182060.6332018, "category": 13, "true": "", "true_cat": 0, "t2": 1530182061.025293, "classes": [""], "id": "256203941229187_311435782372669"}
{"t": 1530182074.823976, "category": 5, "true": "", "true_cat": 5, "t2": 1530182075.1328409, "classes": [""], "id": "786138054750620_980135095350914"}
{"t": 1530182091.2880352, "category": 13, "true": "y", "true_cat": 13, "t2": 1530182095.392025, "classes": ["10", "13"], "id": "66224663563_10152893860538564"}
{"t": 1530182105.832445, "category": 13, "true": "y", "true_cat": 13, "t2": 1530182107.856309, "classes": ["13"], "id": "591707450918919_1242503595839298"}
{"t": 1530182125.412792, "category": 12, "true": "y", "true_cat": 12, "t2": 1530182129.428807, "classes": ["12"], "id": "123900591027437_556442881106537"}
{"t": 1530182152.991873, "category": 13, "true": "y", "true_cat": 13, "t2": 1530182155.8388212, "classes": ["13"], "id": "130168790517043_679519252248658"}
{"t": 1530182181.998517, "category": 1, "true": "y", "true_cat": 1, "t2": 1530182182.709964, "classes": ["1"], "id": "136570003170472_289872021173602"}
{"t": 1530182194.5897658, "category": 14, "true": "y", "true_cat": 14, "t2": 1530182195.149785, "classes": ["14"], "id": "925932494102782_1017987551563942"}
{"t": 1530182210.647878, "category": 5, "true": "y", "true_cat": 5, "t2": 1530182211.3601122, "classes": ["5"], "id": "123900591027437_1238431549574330"}
{"t": 1530182220.641227, "category": 2, "true": "y", "true_cat": 2, "t2": 1530182225.817339, "classes": ["2", "10"], "id": "397094903687472_805068769556748"}
{"t": 1530182232.8309078, "category": 12, "true": "y", "true_cat": 12, "t2": 1530182240.517281, "classes": ["12"], "id": "533647596693545_1146940478697584"}
{"t": 1530182323.366665, "category": 13, "true": "", "true_cat": 6, "t2": 1530182325.669164, "classes": ["6"], "id": "285033188190537_1068206849873163"}
{"t": 1530182343.252608, "category": 7, "true": "", "true_cat": 10, "t2": 1530182344.491949, "classes": ["10"], "id": "44833802365_10154518142117366"}
{"t": 1530182352.524956, "category": 11, "true": "", "true_cat": 2, "t2": 1530182358.925994, "classes": ["2"], "id": "12458150929_10155220307800930"}
{"t": 1530182376.0754502, "category": 7, "true": "", "true_cat": 7, "t2": 1530182378.202077, "classes": ["14"], "id": "285033188190537_901456363214880"}
{"t": 1530182400.197022, "category": 8, "true": "", "true_cat": 10, "t2": 1530182409.7009852, "classes": ["10", "2", "6", "1"], "id": "180658048629404_619881568040381"}
{"t": 1530182418.857665, "category": 4, "true": "y", "true_cat": 4, "t2": 1530182419.9457679, "classes": ["4"], "id": "798227683607349_885057261591057"}
{"t": 1530182457.466202, "category": 1, "true": "y", "true_cat": 1, "t2": 1530182458.345242, "classes": ["1"], "id": "845591568834321_915463761847101"}
{"t": 1530182476.686124, "category": 9, "true": "", "true_cat": 9, "t2": 1530182477.293965, "classes": [""], "id": "113836012012239_1361439470585214"}
{"t": 1530182485.070677, "category": 5, "true": "y", "true_cat": 5, "t2": 1530182525.617132, "classes": ["5"], "id": "441397215875393_930049967010113"}
{"t": 1530182539.9553652, "category": 2, "true": "", "true_cat": 3, "t2": 1530182544.3179038, "classes": ["3"], "id": "150605885088629_558063761009504"}
{"t": 1530182602.101311, "category": 11, "true": "", "true_cat": 11, "t2": 1530182602.44498, "classes": [""], "id": "58140803787_10153355551943788"}
{"t": 1530182649.90728, "category": 6, "true": "y", "true_cat": 6, "t2": 1530182661.3505018, "classes": ["6"], "id": "337594876360078_478778332241731"}
{"t": 1530182671.392919, "category": 12, "true": "", "true_cat": 6, "t2": 1530182672.591935, "classes": ["6"], "id": "1477314799202093_1593465350920370"}
